bonus_id,employee_id,bonus_amount,bonus_date,bonus_type
1,1,15000,2023-01-15,Квартальний
2,3,8000,2023-01-20,Продажі
3,5,20000,2023-02-10,Річний
4,7,7500,2023-02-15,Продажі
5,8,25000,2023-03-01,Річний
6,11,12000,2023-03-15,Квартальний
7,13,9000,2023-03-20,Продажі
8,15,30000,2023-03-25,Річний
9,18,11000,2023-04-10,Продажі
10,21,14000,2023-04-15,Квартальний
11,23,18000,2023-04-20,Квартальний
12,27,8500,2023-05-05,Продажі
13,28,16000,2023-05-12,Квартальний
14,31,22000,2023-05-20,Річний
15,33,9500,2023-06-01,Продажі
16,35,17000,2023-06-15,Квартальний
17,37,13000,2023-06-20,Квартальний
18,38,10500,2023-07-01,Продажі
19,43,27000,2023-07-15,Річний
20,46,19000,2023-07-20,Квартальний
21,48,10000,2023-08-05,Продажі
22,50,16500,2023-08-15,Квартальний
23,52,12500,2023-08-25,Квартальний
24,53,11500,2023-09-01,Продажі
25,54,35000,2023-09-10,Річний
26,58,14500,2023-09-20,Квартальний
27,60,18500,2023-10-01,Квартальний
28,64,21000,2023-10-15,Річний
29,65,9200,2023-10-25,Продажі
30,68,13500,2023-11-05,Квартальний
31,70,12000,2023-11-15,Продажі
32,71,23000,2023-11-20,Річний
33,76,8800,2023-12-01,Продажі
34,77,15000,2023-12-10,Квартальний
35,78,19500,2023-12-15,Квартальний
36,81,9800,2023-12-20,Продажі
37,82,32000,2023-12-25,Річний
38,87,11200,2023-12-28,Продажі
39,89,17500,2023-12-30,Квартальний
40,92,14000,2023-12-30,Квартальний
41,94,24000,2024-01-10,Річний
42,96,10800,2024-01-15,Продажі
43,98,16000,2024-01-20,Квартальний
44,100,12500,2024-01-25,Продажі
45,1,18000,2024-02-01,Квартальний
46,3,9500,2024-02-10,Продажі
47,5,21000,2024-02-15,Квартальний
48,7,8200,2024-02-20,Продажі
49,8,26000,2024-03-01,Квартальний
50,13,10000,2024-03-10,Продажі
51,15,31000,2024-03-15,Квартальний
52,18,12000,2024-03-20,Продажі
53,23,19000,2024-04-05,Квартальний
54,27,9000,2024-04-12,Продажі
55,31,23000,2024-04-20,Квартальний
56,33,10200,2024-05-01,Продажі
57,35,18000,2024-05-15,Квартальний
58,38,11000,2024-05-20,Продажі
59,43,28000,2024-06-01,Квартальний
60,48,10500,2024-06-10,Продажі
61,54,36000,2024-06-20,Квартальний
62,64,22000,2024-07-05,Квартальний
63,65,9900,2024-07-15,Продажі
64,70,13000,2024-07-25,Продажі
65,71,24000,2024-08-01,Квартальний
66,82,33000,2024-08-15,Квартальний
67,87,12000,2024-08-25,Продажі
68,94,25000,2024-09-01,Квартальний
69,100,13500,2024-09-10,Продажі
70,15,35000,2024-09-20,Проєктний
