id,first_name,last_name,department,salary,hire_date,city
1,Олександр,Коваль,IT,65000,2021-03-15,Київ
2,Марія,Мельник,HR,32000,2020-05-10,Львів
3,Дмитро,Шевченко,Sales,45000,2022-01-20,Київ
4,Анна,Бондар,Marketing,38000,2019-11-01,Одеса
5,Іван,Бойко,IT,72000,2020-08-15,Харків
6,Олена,Кравченко,Finance,48000,2018-04-12,Київ
7,Сергій,Ткачук,Sales,41000,2021-09-01,Дніпро
8,Юлія,Коваленко,IT,85000,2019-02-14,Київ
9,Андрій,Олійник,Marketing,34000,2023-03-01,Львів
10,Наталія,Мороз,HR,29000,2022-06-18,Одеса
11,Віталій,Лисенко,Finance,52000,2020-10-05,Київ
12,Тетяна,Руденко,IT,61000,2021-12-10,Харків
13,Роман,Клименко,Sales,39000,2023-01-15,Дніпро
14,Оксана,Павленко,Marketing,43000,2021-07-22,Київ
15,Максим,Кравчук,IT,90000,2017-09-01,Київ
16,Катерина,Поліщук,HR,35000,2021-04-16,Львів
17,Богдан,Савченко,Finance,47000,2022-08-01,Одеса
18,Яна,Федоренко,Sales,50000,2019-05-19,Київ
19,Денис,Харченко,IT,54000,2022-11-25,Харків
20,Вікторія,Марченко,Marketing,36000,2020-01-30,Дніпро
21,Павло,Кузьменко,Finance,60000,2018-12-11,Київ
22,Світлана,Гриценко,Sales,42000,2021-06-05,Львів
23,Василь,Козак,IT,78000,2020-04-03,Київ
24,Ірина,Демченко,HR,31000,2023-02-14,Харків
25,Михайло,Данилюк,Marketing,40000,2022-04-18,Одеса
26,Артем,Костюк,Finance,53000,2019-10-10,Київ
27,Аліна,Ярошенко,Sales,46000,2020-07-29,Дніпро
28,Євген,Захаренко,IT,67000,2021-08-14,Київ
29,Людмила,Соловей,HR,33000,2022-09-01,Львів
30,Олег,Григоренко,Marketing,37000,2021-02-17,Харків
31,Ярослав,Романюк,IT,82000,2018-06-25,Київ
32,Діана,Панченко,Finance,49000,2020-03-12,Одеса
33,Ігор,Коваленко,Sales,44000,2022-10-01,Київ
34,Валентина,Мельничук,Marketing,41000,2019-08-08,Дніпро
35,Тарас,Дорошенко,IT,71000,2021-01-11,Харків
36,Надія,Сидоренко,HR,34000,2020-11-20,Київ
37,Юрій,Тимошенко,Finance,56000,2021-05-15,Львів
38,Поліна,Волошин,Sales,48000,2023-04-01,Київ
39,Станіслав,Бондаренко,IT,63000,2022-07-19,Одеса
40,Олена,Луценко,Marketing,39000,2020-09-05,Харків
41,Артур,Гаврилюк,Finance,51000,2019-01-23,Київ
42,Марина,Остапчук,Sales,43000,2021-11-30,Дніпро
43,Гліб,Семенов,IT,88000,2018-07-14,Київ
44,Антоніна,Карпенко,HR,30000,2023-05-10,Львів
45,Владислав,Кириленко,Marketing,42000,2022-02-28,Одеса
46,Мирослав,Дяченко,IT,76000,2020-12-01,Київ
47,Зоя,Швець,Finance,46000,2021-04-09,Харків
48,Вадим,Тарасенко,Sales,47000,2019-06-18,Київ
49,Лілія,Кучер,HR,36000,2020-02-14,Дніпро
50,Руслан,Мазур,IT,69000,2021-10-20,Львів
51,Ольга,Гуменюк,Marketing,35000,2022-12-05,Київ
52,Ілля,Ковальчук,Finance,54000,2018-08-30,Одеса
53,Дарина,Науменко,Sales,49000,2020-04-22,Харків
54,Костянтин,Степаненко,IT,94000,2017-11-15,Київ
55,Алла,Куліш,HR,32000,2021-08-01,Львів
56,Всеволод,Колесник,Marketing,44000,2023-06-12,Дніпро
57,Єлизавета,Білоус,IT,62000,2022-03-10,Київ
58,Ростислав,Кравченко,Finance,58000,2019-09-17,Харків
59,Уляна,Пономаренко,Sales,40000,2021-01-25,Одеса
60,Григорій,Василенко,IT,74000,2020-06-08,Київ
61,Оксана,Гончар,HR,37000,2018-03-21,Київ
62,Кирило,Дмитренко,Marketing,38000,2022-07-04,Львів
63,Віра,Левченко,Finance,47000,2020-08-19,Дніпро
64,Марк,Приходько,IT,81000,2019-12-03,Київ
65,Софія,Михайленко,Sales,46000,2023-03-20,Харків
66,Едуард,Смірнов,IT,59000,2022-09-15,Одеса
67,Тамара,Бабич,HR,28000,2023-01-09,Львів
68,Борис,Савчук,Finance,55000,2021-03-05,Київ
69,Любов,Юрченко,Marketing,41000,2020-10-28,Харків
70,Назар,Орлов,Sales,52000,2019-04-14,Київ
71,Олександра,Іванова,IT,86000,2018-10-01,Дніпро
72,Валерій,Нестеренко,Finance,50000,2022-05-18,Львів
73,Христина,Зінченко,HR,33000,2021-06-11,Київ
74,Захар,Петренко,Marketing,36000,2023-02-01,Одеса
75,Леонід,Семенюк,IT,68000,2020-02-27,Харків
76,Ангеліна,Гринь,Sales,43000,2021-12-01,Київ
77,Тимофій,Власенко,Finance,61000,2018-05-09,Київ
78,Євгенія,Гордієнко,IT,77000,2021-07-07,Дніпро
79,Матвій,Чумак,Marketing,43000,2019-11-19,Львів
80,Маргарита,Дрозд,HR,34000,2022-08-23,Харків
81,Давид,Мартинюк,Sales,45000,2020-12-14,Одеса
82,Інна,Палій,IT,92000,2017-08-01,Київ
83,Яків,Литвиненко,Finance,49000,2023-04-17,Дніпро
84,Олеся,Сергієнко,Marketing,39000,2021-10-10,Київ
85,Анатолій,Федорчук,IT,64000,2022-01-08,Львів
86,Рената,Борисенко,HR,31000,2020-07-02,Харків
87,Пилип,Щербак,Sales,51000,2019-03-30,Київ
88,Лариса,Ворона,Finance,53000,2021-09-25,Одеса
89,Ганна,Макаренко,IT,73000,2020-05-16,Київ
90,Семен,Коваль,Marketing,45000,2022-11-03,Дніпро
91,Богдана,Дерев'янко,Sales,44000,2023-05-22,Харків
92,Юліан,Задорожний,Finance,57000,2018-09-08,Київ
93,Ксенія,Пінчук,HR,36000,2019-12-20,Львів
94,Дем'ян,Корнійчук,IT,83000,2021-04-05,Київ
95,Олена,Сорока,Marketing,37000,2020-03-01,Одеса
96,Арсен,Глушко,Sales,48000,2022-06-30,Дніпро
97,Віолета,Береза,Finance,48000,2021-01-18,Харків
98,Степан,Матвієнко,IT,66000,2023-03-11,Київ
99,Мирослава,Гнатюк,HR,29000,2022-10-15,Львів
100,Остап,Якименко,Sales,53000,2019-07-27,Київ
